Date,Year,Month,oni,soi,nino34,iod
1948-01-01,,,,,-0.43,
1948-02-01,,,,,-0.11,
1948-03-01,,,,,0.12,
1948-04-01,,,,,-0.0,
1948-05-01,,,,,0.43,
1948-06-01,,,,,-0.06,
1948-07-01,,,,,0.0,
1948-08-01,,,,,-0.22,
1948-09-01,,,,,-0.47,
1948-10-01,,,,,-0.95,
1948-11-01,,,,,-1.01,
1948-12-01,,,,,0.12,
1949-01-01,,,,,-0.38,
1949-02-01,,,,,0.07,
1949-03-01,,,,,-0.85,
1949-04-01,,,,,-0.22,
1949-05-01,,,,,0.03,
1949-06-01,,,,,-1.14,
1949-07-01,,,,,-0.48,
1949-08-01,,,,,-0.5,
1949-09-01,,,,,-0.97,
1949-10-01,,,,,-0.81,
1949-11-01,,,,,-1.64,
1949-12-01,,,,,-1.35,
1950-01-01,1950.0,1.0,-1.53,,-1.41,
1950-02-01,1950.0,2.0,-1.34,,-1.47,
1950-03-01,1950.0,3.0,-1.16,,-1.07,
1950-04-01,1950.0,4.0,-1.18,,-1.25,
1950-05-01,1950.0,5.0,-1.07,,-1.35,
1950-06-01,1950.0,6.0,-0.85,,-1.03,
1950-07-01,1950.0,7.0,-0.54,,-0.8,
1950-08-01,1950.0,8.0,-0.42,,-0.92,
1950-09-01,1950.0,9.0,-0.39,,-1.27,
1950-10-01,1950.0,10.0,-0.44,,-0.91,
1950-11-01,1950.0,11.0,-0.6,,-1.29,
1950-12-01,1950.0,12.0,-0.8,,-1.05,
1951-01-01,1951.0,1.0,-0.82,2.5,-1.12,
1951-02-01,1951.0,2.0,-0.54,1.5,-0.6,
1951-03-01,1951.0,3.0,-0.17,-0.2,-0.28,
1951-04-01,1951.0,4.0,0.18,-0.5,-0.13,
1951-05-01,1951.0,5.0,0.36,-1.1,-0.03,
1951-06-01,1951.0,6.0,0.58,0.3,0.1,
1951-07-01,1951.0,7.0,0.7,-1.7,0.25,
1951-08-01,1951.0,8.0,0.89,-0.4,0.4,
1951-09-01,1951.0,9.0,0.99,-1.8,0.32,
1951-10-01,1951.0,10.0,1.15,-1.6,0.57,
1951-11-01,1951.0,11.0,1.04,-1.3,0.44,
1951-12-01,1951.0,12.0,0.81,-1.2,0.38,
1952-01-01,1952.0,1.0,0.53,-1.5,0.19,
1952-02-01,1952.0,2.0,0.37,-1.0,0.09,
1952-03-01,1952.0,3.0,0.34,0.9,-0.3,
1952-04-01,1952.0,4.0,0.29,-0.4,0.29,
1952-05-01,1952.0,5.0,0.2,1.2,-0.26,
1952-06-01,1952.0,6.0,0.0,1.2,-0.79,
1952-07-01,1952.0,7.0,-0.08,0.8,-0.72,
1952-08-01,1952.0,8.0,0.0,0.1,-0.49,
1952-09-01,1952.0,9.0,0.15,-0.4,-0.4,
1952-10-01,1952.0,10.0,0.1,0.6,-0.2,
1952-11-01,1952.0,11.0,0.04,0.0,-0.44,
1952-12-01,1952.0,12.0,0.15,-2.0,-0.6,
1953-01-01,1953.0,1.0,0.4,0.5,0.27,
1953-02-01,1953.0,2.0,0.6,-0.8,0.18,
1953-03-01,1953.0,3.0,0.63,-0.3,-0.0,
1953-04-01,1953.0,4.0,0.66,0.3,0.37,
1953-05-01,1953.0,5.0,0.75,-2.8,0.35,
1953-06-01,1953.0,6.0,0.77,0.2,0.53,
1953-07-01,1953.0,7.0,0.75,-0.0,0.24,
1953-08-01,1953.0,8.0,0.73,-2.0,0.05,
1953-09-01,1953.0,9.0,0.78,-2.1,0.51,
1953-10-01,1953.0,10.0,0.84,0.1,-0.08,
1953-11-01,1953.0,11.0,0.84,-0.5,0.44,
1953-12-01,1953.0,12.0,0.81,-0.8,-0.14,
1954-01-01,1954.0,1.0,0.76,1.1,0.09,
1954-02-01,1954.0,2.0,0.47,-0.5,0.24,
1954-03-01,1954.0,3.0,-0.05,0.4,-0.25,
1954-04-01,1954.0,4.0,-0.41,1.1,-0.62,
1954-05-01,1954.0,5.0,-0.54,0.8,-0.49,
1954-06-01,1954.0,6.0,-0.5,0.2,-0.63,
1954-07-01,1954.0,7.0,-0.64,0.7,-0.79,
1954-08-01,1954.0,8.0,-0.84,1.8,-1.16,
1954-09-01,1954.0,9.0,-0.9,0.3,-1.34,
1954-10-01,1954.0,10.0,-0.77,0.4,-0.7,
1954-11-01,1954.0,11.0,-0.73,0.2,-0.8,
1954-12-01,1954.0,12.0,-0.66,2.3,-0.95,
1955-01-01,1955.0,1.0,-0.68,-0.9,-0.66,
1955-02-01,1955.0,2.0,-0.62,3.1,-0.74,
1955-03-01,1955.0,3.0,-0.69,1.1,-0.85,
1955-04-01,1955.0,4.0,-0.8,-0.2,-0.89,
1955-05-01,1955.0,5.0,-0.79,1.7,-1.28,
1955-06-01,1955.0,6.0,-0.72,2.2,-0.8,
1955-07-01,1955.0,7.0,-0.68,2.6,-1.27,
1955-08-01,1955.0,8.0,-0.75,2.4,-0.92,
1955-09-01,1955.0,9.0,-1.09,2.2,-1.43,
1955-10-01,1955.0,10.0,-1.42,2.5,-1.94,
1955-11-01,1955.0,11.0,-1.67,2.0,-1.9,
1955-12-01,1955.0,12.0,-1.47,1.6,-1.72,
1956-01-01,1956.0,1.0,-1.11,2.2,-1.44,
1956-02-01,1956.0,2.0,-0.76,2.7,-0.79,
1956-03-01,1956.0,3.0,-0.63,2.2,-0.68,
1956-04-01,1956.0,4.0,-0.54,1.5,-0.72,
1956-05-01,1956.0,5.0,-0.52,2.3,-0.63,
1956-06-01,1956.0,6.0,-0.51,1.8,-0.66,
1956-07-01,1956.0,7.0,-0.57,1.8,-0.78,
1956-08-01,1956.0,8.0,-0.55,2.0,-0.92,
1956-09-01,1956.0,9.0,-0.46,0.1,-0.95,
1956-10-01,1956.0,10.0,-0.42,2.9,-0.82,
1956-11-01,1956.0,11.0,-0.43,0.2,-0.85,
1956-12-01,1956.0,12.0,-0.43,1.8,-0.56,
1957-01-01,1957.0,1.0,-0.25,1.0,-0.4,
1957-02-01,1957.0,2.0,0.06,-0.1,-0.16,
1957-03-01,1957.0,3.0,0.41,0.3,0.0,
1957-04-01,1957.0,4.0,0.72,0.4,0.36,
1957-05-01,1957.0,5.0,0.92,-1.1,0.54,
1957-06-01,1957.0,6.0,1.11,0.3,0.17,
1957-07-01,1957.0,7.0,1.25,0.4,0.35,
1957-08-01,1957.0,8.0,1.32,-0.8,0.81,
1957-09-01,1957.0,9.0,1.33,-1.5,0.33,
1957-10-01,1957.0,10.0,1.39,0.1,0.63,
1957-11-01,1957.0,11.0,1.53,-1.6,0.79,
1957-12-01,1957.0,12.0,1.74,-0.5,0.96,
1958-01-01,1958.0,1.0,1.81,-3.1,1.37,
1958-02-01,1958.0,2.0,1.66,-0.8,1.35,
1958-03-01,1958.0,3.0,1.27,0.4,0.91,
1958-04-01,1958.0,4.0,0.93,0.6,0.44,
1958-05-01,1958.0,5.0,0.74,-0.8,0.35,
1958-06-01,1958.0,6.0,0.64,0.5,0.28,
1958-07-01,1958.0,7.0,0.57,0.7,0.1,
1958-08-01,1958.0,8.0,0.43,1.5,0.15,
1958-09-01,1958.0,9.0,0.39,-0.5,-0.16,
1958-10-01,1958.0,10.0,0.44,0.1,-0.09,
1958-11-01,1958.0,11.0,0.5,-0.7,0.14,
1958-12-01,1958.0,12.0,0.61,-1.0,0.06,
1959-01-01,1959.0,1.0,0.61,-1.5,0.55,
1959-02-01,1959.0,2.0,0.62,-2.3,0.36,
1959-03-01,1959.0,3.0,0.52,2.1,0.16,
1959-04-01,1959.0,4.0,0.33,0.7,0.2,
1959-05-01,1959.0,5.0,0.2,0.8,0.15,
1959-06-01,1959.0,6.0,-0.07,-0.2,-0.29,
1959-07-01,1959.0,7.0,-0.18,-0.4,-0.5,
1959-08-01,1959.0,8.0,-0.28,-0.2,-0.47,
1959-09-01,1959.0,9.0,-0.09,0.0,-0.49,
1959-10-01,1959.0,10.0,-0.03,0.8,-0.25,
1959-11-01,1959.0,11.0,0.05,1.5,-0.25,
1959-12-01,1959.0,12.0,-0.04,1.5,-0.24,
1960-01-01,1960.0,1.0,-0.1,0.2,-0.4,
1960-02-01,1960.0,2.0,-0.1,0.2,-0.37,
1960-03-01,1960.0,3.0,-0.07,1.7,-0.21,
1960-04-01,1960.0,4.0,0.03,1.3,-0.16,
1960-05-01,1960.0,5.0,0.02,0.9,-0.25,
1960-06-01,1960.0,6.0,0.03,0.2,-0.43,
1960-07-01,1960.0,7.0,0.13,0.8,-0.41,
1960-08-01,1960.0,8.0,0.24,1.3,-0.32,
1960-09-01,1960.0,9.0,0.27,1.1,-0.3,
1960-10-01,1960.0,10.0,0.2,0.2,-0.43,
1960-11-01,1960.0,11.0,0.12,0.9,-0.49,
1960-12-01,1960.0,12.0,0.05,1.3,-0.34,
1961-01-01,1961.0,1.0,0.04,-0.4,-0.3,
1961-02-01,1961.0,2.0,0.03,1.5,-0.2,
1961-03-01,1961.0,3.0,0.04,-3.0,-0.41,
1961-04-01,1961.0,4.0,0.09,1.3,-0.37,
1961-05-01,1961.0,5.0,0.23,0.5,-0.27,
1961-06-01,1961.0,6.0,0.27,0.2,-0.03,
1961-07-01,1961.0,7.0,0.14,0.4,-0.41,
1961-08-01,1961.0,8.0,-0.13,0.2,-0.64,
1961-09-01,1961.0,9.0,-0.3,0.1,-0.82,
1961-10-01,1961.0,10.0,-0.26,-0.5,-0.82,
1961-11-01,1961.0,11.0,-0.19,0.9,-0.43,
1961-12-01,1961.0,12.0,-0.16,2.5,-0.57,
1962-01-01,1962.0,1.0,-0.24,3.3,-0.68,
1962-02-01,1962.0,2.0,-0.22,-0.5,-0.53,
1962-03-01,1962.0,3.0,-0.2,0.2,-0.49,
1962-04-01,1962.0,4.0,-0.26,0.3,-0.45,
1962-05-01,1962.0,5.0,-0.28,1.8,-0.71,
1962-06-01,1962.0,6.0,-0.2,1.2,-0.48,
1962-07-01,1962.0,7.0,-0.04,0.1,-0.42,
1962-08-01,1962.0,8.0,-0.07,1.0,-0.46,
1962-09-01,1962.0,9.0,-0.11,0.7,-0.77,
1962-10-01,1962.0,10.0,-0.22,1.6,-0.67,
1962-11-01,1962.0,11.0,-0.31,0.5,-0.64,
1962-12-01,1962.0,12.0,-0.43,0.3,-0.72,
1963-01-01,1963.0,1.0,-0.4,1.7,-0.76,
1963-02-01,1963.0,2.0,-0.15,0.9,-0.51,
1963-03-01,1963.0,3.0,0.15,1.9,-0.29,
1963-04-01,1963.0,4.0,0.27,1.3,-0.17,
1963-05-01,1963.0,5.0,0.31,0.6,-0.31,
1963-06-01,1963.0,6.0,0.52,-0.8,-0.41,
1963-07-01,1963.0,7.0,0.86,-0.2,0.52,
1963-08-01,1963.0,8.0,1.14,0.0,0.42,
1963-09-01,1963.0,9.0,1.22,-1.0,0.44,
1963-10-01,1963.0,10.0,1.29,-2.0,0.57,
1963-11-01,1963.0,11.0,1.37,-1.4,0.47,
1963-12-01,1963.0,12.0,1.31,-2.0,0.57,
1964-01-01,1964.0,1.0,1.07,-0.6,0.48,
1964-02-01,1964.0,2.0,0.62,0.1,0.28,
1964-03-01,1964.0,3.0,0.12,1.9,-0.33,
1964-04-01,1964.0,4.0,-0.33,1.8,-0.53,
1964-05-01,1964.0,5.0,-0.58,0.4,-0.88,
1964-06-01,1964.0,6.0,-0.58,1.2,-1.01,
1964-07-01,1964.0,7.0,-0.6,0.9,-0.92,
1964-08-01,1964.0,8.0,-0.66,2.5,-1.14,
1964-09-01,1964.0,9.0,-0.76,2.1,-1.4,
1964-10-01,1964.0,10.0,-0.8,2.2,-1.15,
1964-11-01,1964.0,11.0,-0.82,0.3,-1.37,
1964-12-01,1964.0,12.0,-0.78,-0.5,-1.21,
1965-01-01,1965.0,1.0,-0.59,-0.7,-0.83,
1965-02-01,1965.0,2.0,-0.28,0.7,-0.47,
1965-03-01,1965.0,3.0,-0.07,1.2,-0.42,
1965-04-01,1965.0,4.0,0.18,-0.9,-0.3,
1965-05-01,1965.0,5.0,0.46,0.3,-0.08,
1965-06-01,1965.0,6.0,0.83,-0.9,0.37,
1965-07-01,1965.0,7.0,1.22,-3.0,0.51,
1965-08-01,1965.0,8.0,1.54,-1.1,0.68,
1965-09-01,1965.0,9.0,1.85,-2.2,0.61,
1965-10-01,1965.0,10.0,1.98,-1.5,1.07,
1965-11-01,1965.0,11.0,1.97,-2.4,1.02,
1965-12-01,1965.0,12.0,1.72,0.3,1.04,
1966-01-01,1966.0,1.0,1.37,-2.2,0.78,
1966-02-01,1966.0,2.0,1.17,-0.4,0.44,
1966-03-01,1966.0,3.0,0.98,-1.5,0.66,
1966-04-01,1966.0,4.0,0.66,-0.3,0.28,
1966-05-01,1966.0,5.0,0.35,-0.7,-0.4,
1966-06-01,1966.0,6.0,0.24,0.5,0.1,
1966-07-01,1966.0,7.0,0.24,0.1,0.18,
1966-08-01,1966.0,8.0,0.12,1.1,-0.29,
1966-09-01,1966.0,9.0,-0.05,-0.4,-0.34,
1966-10-01,1966.0,10.0,-0.1,-0.2,-0.39,
1966-11-01,1966.0,11.0,-0.18,-0.0,-0.27,
1966-12-01,1966.0,12.0,-0.3,-0.6,-0.53,
1967-01-01,1967.0,1.0,-0.41,2.8,-0.81,
1967-02-01,1967.0,2.0,-0.48,2.8,-0.75,
1967-03-01,1967.0,3.0,-0.53,2.0,-0.58,
1967-04-01,1967.0,4.0,-0.45,-0.1,-0.64,
1967-05-01,1967.0,5.0,-0.24,-0.0,-0.31,
1967-06-01,1967.0,6.0,-0.0,1.1,-0.1,
1967-07-01,1967.0,7.0,0.05,0.3,-0.31,
1967-08-01,1967.0,8.0,-0.16,1.2,-0.55,
1967-09-01,1967.0,9.0,-0.3,0.8,-0.79,
1967-10-01,1967.0,10.0,-0.38,0.1,-0.61,
1967-11-01,1967.0,11.0,-0.34,-0.7,-0.51,
1967-12-01,1967.0,12.0,-0.44,-0.9,-0.52,
1968-01-01,1968.0,1.0,-0.64,0.9,-0.73,
1968-02-01,1968.0,2.0,-0.74,2.1,-0.7,
1968-03-01,1968.0,3.0,-0.62,0.2,-0.78,
1968-04-01,1968.0,4.0,-0.44,0.0,-0.52,
1968-05-01,1968.0,5.0,-0.04,2.1,-0.68,
1968-06-01,1968.0,6.0,0.28,1.8,0.09,
1968-07-01,1968.0,7.0,0.58,1.1,0.06,
1968-08-01,1968.0,8.0,0.53,0.4,0.01,
1968-09-01,1968.0,9.0,0.45,-0.4,-0.24,
1968-10-01,1968.0,10.0,0.55,-0.1,0.12,
1968-11-01,1968.0,11.0,0.73,-0.6,0.53,
1968-12-01,1968.0,12.0,0.98,0.3,0.45,
1969-01-01,1969.0,1.0,1.13,-2.4,0.96,
1969-02-01,1969.0,2.0,1.09,-0.9,0.99,
1969-03-01,1969.0,3.0,0.95,0.7,0.5,
1969-04-01,1969.0,4.0,0.77,-0.6,0.38,
1969-05-01,1969.0,5.0,0.61,-0.4,0.46,
1969-06-01,1969.0,6.0,0.43,0.3,0.2,
1969-07-01,1969.0,7.0,0.36,-0.8,-0.11,
1969-08-01,1969.0,8.0,0.51,-0.2,0.17,
1969-09-01,1969.0,9.0,0.79,-1.6,0.33,
1969-10-01,1969.0,10.0,0.86,-1.5,0.46,
1969-11-01,1969.0,11.0,0.81,-0.1,0.46,
1969-12-01,1969.0,12.0,0.63,0.7,0.66,
1970-01-01,1970.0,1.0,0.51,-1.9,0.2,
1970-02-01,1970.0,2.0,0.34,-1.7,-0.05,
1970-03-01,1970.0,3.0,0.29,1.0,0.04,
1970-04-01,1970.0,4.0,0.19,-0.1,0.17,
1970-05-01,1970.0,5.0,0.04,0.6,-0.12,
1970-06-01,1970.0,6.0,-0.3,1.6,-0.42,
1970-07-01,1970.0,7.0,-0.63,-0.6,-0.65,
1970-08-01,1970.0,8.0,-0.76,1.0,-0.88,
1970-09-01,1970.0,9.0,-0.77,1.9,-1.04,
1970-10-01,1970.0,10.0,-0.74,1.7,-0.89,
1970-11-01,1970.0,11.0,-0.86,2.6,-0.96,
1970-12-01,1970.0,12.0,-1.15,3.2,-1.18,
1971-01-01,1971.0,1.0,-1.36,0.6,-1.71,
1971-02-01,1971.0,2.0,-1.38,3.3,-1.46,
1971-03-01,1971.0,3.0,-1.12,3.8,-1.3,
1971-04-01,1971.0,4.0,-0.85,2.8,-0.94,
1971-05-01,1971.0,5.0,-0.73,1.4,-0.92,
1971-06-01,1971.0,6.0,-0.74,0.7,-1.04,
1971-07-01,1971.0,7.0,-0.8,0.4,-0.9,
1971-08-01,1971.0,8.0,-0.77,2.5,-0.93,
1971-09-01,1971.0,9.0,-0.82,2.3,-1.05,
1971-10-01,1971.0,10.0,-0.85,2.8,-1.05,
1971-11-01,1971.0,11.0,-0.96,0.9,-0.92,
1971-12-01,1971.0,12.0,-0.9,0.4,-0.86,
1972-01-01,1972.0,1.0,-0.71,0.8,-0.68,
1972-02-01,1972.0,2.0,-0.35,1.8,-0.2,
1972-03-01,1972.0,3.0,0.06,1.1,-0.16,
1972-04-01,1972.0,4.0,0.41,-0.2,0.2,
1972-05-01,1972.0,5.0,0.67,-2.6,0.23,
1972-06-01,1972.0,6.0,0.92,-0.9,0.41,
1972-07-01,1972.0,7.0,1.13,-2.4,0.64,
1972-08-01,1972.0,8.0,1.37,-0.8,0.73,
1972-09-01,1972.0,9.0,1.58,-2.2,0.76,
1972-10-01,1972.0,10.0,1.84,-1.5,1.12,
1972-11-01,1972.0,11.0,2.09,-0.6,1.3,
1972-12-01,1972.0,12.0,2.12,-2.1,1.26,
1973-01-01,1973.0,1.0,1.84,-0.5,1.09,
1973-02-01,1973.0,2.0,1.25,-2.3,0.91,
1973-03-01,1973.0,3.0,0.54,1.2,0.39,
1973-04-01,1973.0,4.0,-0.1,0.1,-0.39,
1973-05-01,1973.0,5.0,-0.54,0.7,-0.64,
1973-06-01,1973.0,6.0,-0.87,1.8,-0.92,
1973-07-01,1973.0,7.0,-1.11,1.0,-1.13,
1973-08-01,1973.0,8.0,-1.28,2.1,-1.24,
1973-09-01,1973.0,9.0,-1.45,2.0,-1.43,
1973-10-01,1973.0,10.0,-1.71,1.3,-1.6,
1973-11-01,1973.0,11.0,-1.95,4.3,-2.05,
1973-12-01,1973.0,12.0,-2.03,3.0,-2.18,
1974-01-01,1974.0,1.0,-1.84,4.0,-2.04,
1974-02-01,1974.0,2.0,-1.55,3.4,-1.6,
1974-03-01,1974.0,3.0,-1.23,4.0,-1.38,
1974-04-01,1974.0,4.0,-1.03,1.6,-1.11,
1974-05-01,1974.0,5.0,-0.91,1.6,-1.08,
1974-06-01,1974.0,6.0,-0.77,0.7,-0.61,
1974-07-01,1974.0,7.0,-0.53,1.9,-0.96,
1974-08-01,1974.0,8.0,-0.37,1.3,-0.57,
1974-09-01,1974.0,9.0,-0.41,1.8,-0.67,
1974-10-01,1974.0,10.0,-0.61,1.5,-1.08,
1974-11-01,1974.0,11.0,-0.75,-0.2,-1.11,
1974-12-01,1974.0,12.0,-0.64,0.3,-0.97,
1975-01-01,1975.0,1.0,-0.54,-0.8,-0.58,
1975-02-01,1975.0,2.0,-0.57,1.3,-0.57,
1975-03-01,1975.0,3.0,-0.65,2.6,-0.87,
1975-04-01,1975.0,4.0,-0.73,1.9,-0.75,
1975-05-01,1975.0,5.0,-0.83,1.1,-0.98,
1975-06-01,1975.0,6.0,-0.98,2.1,-1.33,
1975-07-01,1975.0,7.0,-1.13,3.1,-1.21,
1975-08-01,1975.0,8.0,-1.2,3.3,-1.47,
1975-09-01,1975.0,9.0,-1.37,3.4,-1.69,
1975-10-01,1975.0,10.0,-1.43,2.8,-1.72,
1975-11-01,1975.0,11.0,-1.55,1.9,-1.51,
1975-12-01,1975.0,12.0,-1.65,3.5,-1.97,
1976-01-01,1976.0,1.0,-1.56,2.3,-1.74,
1976-02-01,1976.0,2.0,-1.17,2.8,-1.04,
1976-03-01,1976.0,3.0,-0.73,2.9,-0.83,
1976-04-01,1976.0,4.0,-0.47,0.5,-0.59,
1976-05-01,1976.0,5.0,-0.28,0.6,-0.61,
1976-06-01,1976.0,6.0,-0.05,0.4,-0.3,
1976-07-01,1976.0,7.0,0.18,-1.4,-0.1,
1976-08-01,1976.0,8.0,0.35,-1.3,-0.01,
1976-09-01,1976.0,9.0,0.62,-1.9,0.16,
1976-10-01,1976.0,10.0,0.81,0.7,0.52,
1976-11-01,1976.0,11.0,0.86,1.2,0.66,
1976-12-01,1976.0,12.0,0.85,-0.6,0.36,
1977-01-01,1977.0,1.0,0.71,-0.7,0.57,
1977-02-01,1977.0,2.0,0.64,2.0,0.25,
1977-03-01,1977.0,3.0,0.34,-0.9,0.18,
1977-04-01,1977.0,4.0,0.23,-0.7,-0.23,
1977-05-01,1977.0,5.0,0.21,-0.8,-0.16,
1977-06-01,1977.0,6.0,0.34,-1.5,0.23,
1977-07-01,1977.0,7.0,0.35,-1.9,0.37,
1977-08-01,1977.0,8.0,0.42,-1.3,-0.01,
1977-09-01,1977.0,9.0,0.57,-1.3,0.26,
1977-10-01,1977.0,10.0,0.73,-1.7,0.59,
1977-11-01,1977.0,11.0,0.81,-2.1,0.61,
1977-12-01,1977.0,12.0,0.79,-1.7,0.61,
1978-01-01,1978.0,1.0,0.69,-0.5,0.52,
1978-02-01,1978.0,2.0,0.42,-4.4,0.31,
1978-03-01,1978.0,3.0,0.06,-0.3,0.02,
1978-04-01,1978.0,4.0,-0.18,-0.5,-0.49,
1978-05-01,1978.0,5.0,-0.31,2.2,-0.35,
1978-06-01,1978.0,6.0,-0.29,1.1,-0.47,
1978-07-01,1978.0,7.0,-0.36,0.9,-0.33,
1978-08-01,1978.0,8.0,-0.42,0.7,-0.77,
1978-09-01,1978.0,9.0,-0.42,0.1,-0.45,
1978-10-01,1978.0,10.0,-0.29,-0.6,-0.44,
1978-11-01,1978.0,11.0,-0.08,-0.0,-0.2,
1978-12-01,1978.0,12.0,0.0,-0.1,0.09,
1979-01-01,1979.0,1.0,0.03,-0.7,0.05,
1979-02-01,1979.0,2.0,0.07,1.6,0.05,
1979-03-01,1979.0,3.0,0.2,0.2,0.07,
1979-04-01,1979.0,4.0,0.28,-0.2,0.05,
1979-05-01,1979.0,5.0,0.23,0.8,-0.06,
1979-06-01,1979.0,6.0,0.05,1.1,-0.05,
1979-07-01,1979.0,7.0,0.04,2.2,-0.13,
1979-08-01,1979.0,8.0,0.17,-0.3,-0.2,
1979-09-01,1979.0,9.0,0.33,0.2,0.17,
1979-10-01,1979.0,10.0,0.45,-0.2,0.04,
1979-11-01,1979.0,11.0,0.52,-0.7,0.33,
1979-12-01,1979.0,12.0,0.64,-1.2,0.48,
1980-01-01,1980.0,1.0,0.59,0.7,0.44,
1980-02-01,1980.0,2.0,0.46,0.5,0.35,
1980-03-01,1980.0,3.0,0.34,-0.7,0.18,
1980-04-01,1980.0,4.0,0.38,-1.0,0.13,
1980-05-01,1980.0,5.0,0.48,-0.0,0.23,
1980-06-01,1980.0,6.0,0.46,-0.0,0.3,
1980-07-01,1980.0,7.0,0.25,-0.1,0.1,
1980-08-01,1980.0,8.0,0.03,0.6,-0.35,
1980-09-01,1980.0,9.0,-0.07,-0.8,-0.36,
1980-10-01,1980.0,10.0,0.02,0.0,-0.2,
1980-11-01,1980.0,11.0,0.11,-0.6,0.08,
1980-12-01,1980.0,12.0,-0.01,-0.1,0.1,
1981-01-01,1981.0,1.0,-0.26,0.6,-0.45,
1981-02-01,1981.0,2.0,-0.5,-0.3,-0.42,
1981-03-01,1981.0,3.0,-0.47,-2.1,-0.11,
1981-04-01,1981.0,4.0,-0.37,-0.2,-0.57,
1981-05-01,1981.0,5.0,-0.26,1.3,-0.29,
1981-06-01,1981.0,6.0,-0.29,2.0,-0.33,
1981-07-01,1981.0,7.0,-0.3,1.4,-0.55,
1981-08-01,1981.0,8.0,-0.25,1.2,-0.39,
1981-09-01,1981.0,9.0,-0.16,0.5,-0.22,
1981-10-01,1981.0,10.0,-0.13,-0.6,-0.16,
1981-11-01,1981.0,11.0,-0.15,0.3,-0.42,
1981-12-01,1981.0,12.0,-0.08,0.8,-0.12,
1982-01-01,1982.0,1.0,-0.05,2.0,0.07,
1982-02-01,1982.0,2.0,0.07,0.4,-0.13,
1982-03-01,1982.0,3.0,0.19,1.0,0.03,
1982-04-01,1982.0,4.0,0.47,0.1,0.26,
1982-05-01,1982.0,5.0,0.66,-0.6,0.53,
1982-06-01,1982.0,6.0,0.72,-1.7,0.8,
1982-07-01,1982.0,7.0,0.79,-2.5,0.34,
1982-08-01,1982.0,8.0,1.07,-2.9,0.44,
1982-09-01,1982.0,9.0,1.58,-2.9,1.04,
1982-10-01,1982.0,10.0,1.97,-2.8,1.48,
1982-11-01,1982.0,11.0,2.18,-4.3,1.4,
1982-12-01,1982.0,12.0,2.23,-3.7,1.61,
1983-01-01,1983.0,1.0,2.18,-5.8,1.68,
1983-02-01,1983.0,2.0,1.92,-6.0,1.48,
1983-03-01,1983.0,3.0,1.54,-4.0,1.15,
1983-04-01,1983.0,4.0,1.29,-1.5,0.66,
1983-05-01,1983.0,5.0,1.06,1.0,0.68,
1983-06-01,1983.0,6.0,0.72,0.1,0.41,
1983-07-01,1983.0,7.0,0.31,-1.0,-0.13,
1983-08-01,1983.0,8.0,-0.08,0.2,-0.23,
1983-09-01,1983.0,9.0,-0.46,1.4,-0.51,
1983-10-01,1983.0,10.0,-0.81,0.7,-1.08,
1983-11-01,1983.0,11.0,-1.0,-0.2,-1.04,
1983-12-01,1983.0,12.0,-0.91,0.0,-0.77,
1984-01-01,1984.0,1.0,-0.6,0.3,-0.79,
1984-02-01,1984.0,2.0,-0.42,1.4,-0.47,
1984-03-01,1984.0,3.0,-0.34,-0.4,-0.6,
1984-04-01,1984.0,4.0,-0.43,0.6,-0.66,
1984-05-01,1984.0,5.0,-0.51,0.3,-0.69,
1984-06-01,1984.0,6.0,-0.45,-0.6,-0.82,
1984-07-01,1984.0,7.0,-0.3,0.3,-0.54,
1984-08-01,1984.0,8.0,-0.16,0.7,-0.46,
1984-09-01,1984.0,9.0,-0.24,0.2,-0.41,
1984-10-01,1984.0,10.0,-0.56,-0.5,-0.74,
1984-11-01,1984.0,11.0,-0.92,0.4,-0.97,
1984-12-01,1984.0,12.0,-1.14,-0.2,-1.21,
1985-01-01,1985.0,1.0,-1.04,-0.5,-0.8,
1985-02-01,1985.0,2.0,-0.85,2.0,-0.83,
1985-03-01,1985.0,3.0,-0.77,1.3,-0.88,
1985-04-01,1985.0,4.0,-0.78,1.9,-1.01,
1985-05-01,1985.0,5.0,-0.78,0.7,-0.88,
1985-06-01,1985.0,6.0,-0.63,-0.6,-0.85,
1985-07-01,1985.0,7.0,-0.49,-0.2,-0.49,
1985-08-01,1985.0,8.0,-0.46,1.6,-0.46,
1985-09-01,1985.0,9.0,-0.4,0.0,-0.47,
1985-10-01,1985.0,10.0,-0.35,-0.6,-0.4,
1985-11-01,1985.0,11.0,-0.27,-0.3,-0.29,
1985-12-01,1985.0,12.0,-0.36,0.4,-0.25,
1986-01-01,1986.0,1.0,-0.49,1.6,-0.5,
1986-02-01,1986.0,2.0,-0.47,-1.7,-0.32,
1986-03-01,1986.0,3.0,-0.31,0.8,-0.3,
1986-04-01,1986.0,4.0,-0.2,0.5,-0.29,
1986-05-01,1986.0,5.0,-0.12,-0.4,-0.22,
1986-06-01,1986.0,6.0,-0.04,1.6,-0.06,
1986-07-01,1986.0,7.0,0.22,0.5,0.13,
1986-08-01,1986.0,8.0,0.44,-0.6,0.33,
1986-09-01,1986.0,9.0,0.71,-0.8,0.51,
1986-10-01,1986.0,10.0,0.94,1.1,0.52,
1986-11-01,1986.0,11.0,1.14,-2.0,1.01,
1986-12-01,1986.0,12.0,1.22,-2.4,0.94,
1987-01-01,1987.0,1.0,1.23,-1.1,0.84,
1987-02-01,1987.0,2.0,1.19,-2.1,0.9,
1987-03-01,1987.0,3.0,1.06,-2.1,0.87,
1987-04-01,1987.0,4.0,0.95,-2.3,0.59,
1987-05-01,1987.0,5.0,0.97,-2.1,0.63,
1987-06-01,1987.0,6.0,1.22,-1.8,0.84,
1987-07-01,1987.0,7.0,1.51,-2.2,0.98,
1987-08-01,1987.0,8.0,1.7,-1.5,1.05,
1987-09-01,1987.0,9.0,1.65,-1.7,1.18,
1987-10-01,1987.0,10.0,1.48,-0.6,1.15,
1987-11-01,1987.0,11.0,1.25,-0.0,1.08,
1987-12-01,1987.0,12.0,1.11,-0.8,0.89,
1988-01-01,1988.0,1.0,0.81,-0.2,0.74,
1988-02-01,1988.0,2.0,0.54,-0.6,0.15,
1988-03-01,1988.0,3.0,0.14,1.1,0.1,
1988-04-01,1988.0,4.0,-0.31,0.2,-0.45,
1988-05-01,1988.0,5.0,-0.88,1.5,-1.09,
1988-06-01,1988.0,6.0,-1.3,0.1,-1.35,
1988-07-01,1988.0,7.0,-1.3,1.7,-1.28,
1988-08-01,1988.0,8.0,-1.11,2.5,-1.1,
1988-09-01,1988.0,9.0,-1.19,3.0,-1.02,
1988-10-01,1988.0,10.0,-1.48,2.3,-1.72,
1988-11-01,1988.0,11.0,-1.8,2.8,-1.89,
1988-12-01,1988.0,12.0,-1.85,2.0,-1.75,
1989-01-01,1989.0,1.0,-1.69,2.5,-1.81,
1989-02-01,1989.0,2.0,-1.43,2.0,-1.36,
1989-03-01,1989.0,3.0,-1.08,1.8,-1.11,
1989-04-01,1989.0,4.0,-0.83,2.7,-1.04,
1989-05-01,1989.0,5.0,-0.58,2.0,-0.72,
1989-06-01,1989.0,6.0,-0.4,1.2,-0.57,
1989-07-01,1989.0,7.0,-0.31,1.5,-0.52,
1989-08-01,1989.0,8.0,-0.27,-0.5,-0.73,
1989-09-01,1989.0,9.0,-0.24,0.8,-0.38,
1989-10-01,1989.0,10.0,-0.22,1.3,-0.35,
1989-11-01,1989.0,11.0,-0.16,-0.4,-0.45,
1989-12-01,1989.0,12.0,-0.05,-0.9,0.07,
1990-01-01,1990.0,1.0,0.14,-0.1,-0.01,
1990-02-01,1990.0,2.0,0.21,-3.0,0.35,
1990-03-01,1990.0,3.0,0.28,-0.7,0.12,
1990-04-01,1990.0,4.0,0.29,0.3,0.27,
1990-05-01,1990.0,5.0,0.29,2.0,0.15,
1990-06-01,1990.0,6.0,0.31,0.5,0.02,
1990-07-01,1990.0,7.0,0.33,0.9,0.27,
1990-08-01,1990.0,8.0,0.38,-0.3,0.22,
1990-09-01,1990.0,9.0,0.39,-1.2,0.22,
1990-10-01,1990.0,10.0,0.35,0.4,0.31,
1990-11-01,1990.0,11.0,0.4,-0.8,0.22,
1990-12-01,1990.0,12.0,0.41,-0.4,0.37,
1991-01-01,1991.0,1.0,0.41,1.0,0.58,
1991-02-01,1991.0,2.0,0.26,0.4,0.41,
1991-03-01,1991.0,3.0,0.22,-1.1,0.24,
1991-04-01,1991.0,4.0,0.26,-1.0,0.45,
1991-05-01,1991.0,5.0,0.45,-1.7,0.45,
1991-06-01,1991.0,6.0,0.64,-0.2,0.59,
1991-07-01,1991.0,7.0,0.73,0.0,0.7,
1991-08-01,1991.0,8.0,0.64,-0.7,0.73,
1991-09-01,1991.0,9.0,0.62,-2.5,0.42,
1991-10-01,1991.0,10.0,0.79,-1.7,0.89,
1991-11-01,1991.0,11.0,1.21,-1.1,1.06,
1991-12-01,1991.0,12.0,1.53,-2.9,1.27,
1992-01-01,1992.0,1.0,1.71,-4.7,1.34,
1992-02-01,1992.0,2.0,1.63,-1.5,1.32,
1992-03-01,1992.0,3.0,1.48,-3.3,1.19,
1992-04-01,1992.0,4.0,1.29,-1.7,1.17,
1992-05-01,1992.0,5.0,1.06,0.4,0.97,
1992-06-01,1992.0,6.0,0.73,-1.0,0.57,
1992-07-01,1992.0,7.0,0.37,-1.0,0.37,
1992-08-01,1992.0,8.0,0.09,0.6,0.09,
1992-09-01,1992.0,9.0,-0.13,0.1,-0.03,
1992-10-01,1992.0,10.0,-0.25,-2.3,-0.17,
1992-11-01,1992.0,11.0,-0.28,-1.1,-0.06,
1992-12-01,1992.0,12.0,-0.13,-0.9,-0.0,
1993-01-01,1993.0,1.0,0.09,-1.5,0.35,
1993-02-01,1993.0,2.0,0.3,-1.2,0.43,
1993-03-01,1993.0,3.0,0.5,-0.8,0.36,
1993-04-01,1993.0,4.0,0.67,-1.9,0.63,
1993-05-01,1993.0,5.0,0.7,-0.6,0.86,
1993-06-01,1993.0,6.0,0.57,-1.4,0.39,
1993-07-01,1993.0,7.0,0.32,-1.3,0.2,
1993-08-01,1993.0,8.0,0.25,-1.6,0.26,
1993-09-01,1993.0,9.0,0.15,-1.2,0.33,
1993-10-01,1993.0,10.0,0.1,-1.8,0.22,
1993-11-01,1993.0,11.0,0.04,-0.1,0.29,
1993-12-01,1993.0,12.0,0.06,0.3,0.34,
1994-01-01,1994.0,1.0,0.06,-0.2,0.22,
1994-02-01,1994.0,2.0,0.07,0.4,-0.09,
1994-03-01,1994.0,3.0,0.17,-1.1,0.13,
1994-04-01,1994.0,4.0,0.31,-2.1,0.21,
1994-05-01,1994.0,5.0,0.42,-1.1,0.25,
1994-06-01,1994.0,6.0,0.41,-0.7,0.32,
1994-07-01,1994.0,7.0,0.44,-2.2,0.38,
1994-08-01,1994.0,8.0,0.43,-2.0,0.51,
1994-09-01,1994.0,9.0,0.55,-2.6,0.38,
1994-10-01,1994.0,10.0,0.74,-1.9,0.78,
1994-11-01,1994.0,11.0,1.01,-0.9,0.97,
1994-12-01,1994.0,12.0,1.09,-2.0,1.08,
1995-01-01,1995.0,1.0,0.96,-0.7,0.84,
1995-02-01,1995.0,2.0,0.72,-0.2,0.8,
1995-03-01,1995.0,3.0,0.53,1.2,0.52,
1995-04-01,1995.0,4.0,0.3,-1.1,0.32,
1995-05-01,1995.0,5.0,0.14,-0.6,0.12,
1995-06-01,1995.0,6.0,-0.03,0.2,0.02,
1995-07-01,1995.0,7.0,-0.24,0.7,-0.03,
1995-08-01,1995.0,8.0,-0.54,0.5,-0.49,
1995-09-01,1995.0,9.0,-0.81,0.4,-0.63,
1995-10-01,1995.0,10.0,-0.97,0.0,-0.75,
1995-11-01,1995.0,11.0,-1.0,0.1,-0.88,
1995-12-01,1995.0,12.0,-0.98,-0.8,-0.77,
1996-01-01,1996.0,1.0,-0.9,1.6,-0.68,
1996-02-01,1996.0,2.0,-0.75,0.4,-0.65,
1996-03-01,1996.0,3.0,-0.59,1.9,-0.5,
1996-04-01,1996.0,4.0,-0.39,1.3,-0.31,
1996-05-01,1996.0,5.0,-0.31,0.5,-0.25,
1996-06-01,1996.0,6.0,-0.3,1.9,-0.26,
1996-07-01,1996.0,7.0,-0.27,1.1,-0.31,
1996-08-01,1996.0,8.0,-0.32,1.2,-0.2,
1996-09-01,1996.0,9.0,-0.35,1.0,-0.33,
1996-10-01,1996.0,10.0,-0.4,1.0,-0.27,
1996-11-01,1996.0,11.0,-0.45,-0.1,-0.19,
1996-12-01,1996.0,12.0,-0.49,1.5,-0.39,
1997-01-01,1997.0,1.0,-0.5,0.8,-0.25,
1997-02-01,1997.0,2.0,-0.36,2.9,-0.08,
1997-03-01,1997.0,3.0,-0.1,-0.7,0.05,
1997-04-01,1997.0,4.0,0.28,-1.0,0.44,
1997-05-01,1997.0,5.0,0.75,-2.2,0.72,
1997-06-01,1997.0,6.0,1.22,-2.3,0.91,
1997-07-01,1997.0,7.0,1.6,-1.2,1.21,
1997-08-01,1997.0,8.0,1.9,-2.4,1.4,
1997-09-01,1997.0,9.0,2.14,-2.4,1.63,
1997-10-01,1997.0,10.0,2.33,-2.4,1.69,
1997-11-01,1997.0,11.0,2.4,-2.0,1.85,
1997-12-01,1997.0,12.0,2.39,-1.6,1.78,
1998-01-01,1998.0,1.0,2.24,-4.4,1.81,
1998-02-01,1998.0,2.0,1.93,-3.4,1.53,
1998-03-01,1998.0,3.0,1.44,-4.0,1.06,
1998-04-01,1998.0,4.0,0.99,-2.4,0.55,
1998-05-01,1998.0,5.0,0.45,0.4,0.59,
1998-06-01,1998.0,6.0,-0.13,1.6,-0.44,
1998-07-01,1998.0,7.0,-0.78,2.0,-0.53,
1998-08-01,1998.0,8.0,-1.12,1.9,-0.74,
1998-09-01,1998.0,9.0,-1.31,1.7,-0.97,
1998-10-01,1998.0,10.0,-1.35,1.8,-1.16,
1998-11-01,1998.0,11.0,-1.48,1.7,-1.08,
1998-12-01,1998.0,12.0,-1.57,2.3,-1.45,
1999-01-01,1999.0,1.0,-1.55,3.0,-1.68,
1999-02-01,1999.0,2.0,-1.3,1.6,-1.28,
1999-03-01,1999.0,3.0,-1.07,2.1,-0.9,
1999-04-01,1999.0,4.0,-0.98,2.3,-0.71,
1999-05-01,1999.0,5.0,-1.02,0.4,-0.78,
1999-06-01,1999.0,6.0,-1.04,0.4,-0.76,
1999-07-01,1999.0,7.0,-1.1,0.9,-0.89,
1999-08-01,1999.0,8.0,-1.11,0.6,-1.02,
1999-09-01,1999.0,9.0,-1.16,-0.1,-0.87,
1999-10-01,1999.0,10.0,-1.26,1.6,-0.95,
1999-11-01,1999.0,11.0,-1.46,1.7,-1.33,
1999-12-01,1999.0,12.0,-1.65,2.4,-1.43,
2000-01-01,2000.0,1.0,-1.66,1.1,-1.41,
2000-02-01,2000.0,2.0,-1.41,2.7,-1.26,
2000-03-01,2000.0,3.0,-1.07,2.2,-1.07,
2000-04-01,2000.0,4.0,-0.81,2.0,-0.81,
2000-05-01,2000.0,5.0,-0.71,0.6,-0.84,
2000-06-01,2000.0,6.0,-0.64,-0.3,-0.55,
2000-07-01,2000.0,7.0,-0.55,-0.3,-0.54,
2000-08-01,2000.0,8.0,-0.51,1.2,-0.35,
2000-09-01,2000.0,9.0,-0.55,1.4,-0.33,
2000-10-01,2000.0,10.0,-0.63,1.8,-0.56,
2000-11-01,2000.0,11.0,-0.75,3.0,-0.61,
2000-12-01,2000.0,12.0,-0.74,1.3,-0.89,
2001-01-01,2001.0,1.0,-0.68,1.6,-0.74,
2001-02-01,2001.0,2.0,-0.52,2.8,-0.7,
2001-03-01,2001.0,3.0,-0.44,1.5,-0.39,
2001-04-01,2001.0,4.0,-0.34,0.3,-0.26,
2001-05-01,2001.0,5.0,-0.25,-0.8,-0.14,
2001-06-01,2001.0,6.0,-0.12,0.5,0.0,
2001-07-01,2001.0,7.0,-0.08,-0.3,0.13,
2001-08-01,2001.0,8.0,-0.13,-0.7,0.07,
2001-09-01,2001.0,9.0,-0.19,0.3,-0.04,
2001-10-01,2001.0,10.0,-0.29,-0.1,0.13,
2001-11-01,2001.0,11.0,-0.35,1.1,-0.11,
2001-12-01,2001.0,12.0,-0.31,-1.4,-0.27,
2002-01-01,2002.0,1.0,-0.15,0.7,0.01,
2002-02-01,2002.0,2.0,0.03,1.8,0.15,
2002-03-01,2002.0,3.0,0.09,-0.4,0.22,
2002-04-01,2002.0,4.0,0.2,-0.1,0.28,
2002-05-01,2002.0,5.0,0.43,-1.4,0.4,
2002-06-01,2002.0,6.0,0.65,-0.4,0.65,
2002-07-01,2002.0,7.0,0.79,-0.8,0.66,
2002-08-01,2002.0,8.0,0.86,-1.6,0.67,
2002-09-01,2002.0,9.0,1.01,-1.0,0.81,
2002-10-01,2002.0,10.0,1.21,-0.6,0.93,
2002-11-01,2002.0,11.0,1.31,-0.7,1.2,
2002-12-01,2002.0,12.0,1.14,-1.8,1.25,
2003-01-01,2003.0,1.0,0.92,-0.3,0.58,
2003-02-01,2003.0,2.0,0.63,-1.1,0.68,
2003-03-01,2003.0,3.0,0.38,-0.5,0.54,
2003-04-01,2003.0,4.0,-0.04,-0.2,0.22,
2003-05-01,2003.0,5.0,-0.26,-0.5,-0.26,
2003-06-01,2003.0,6.0,-0.16,-1.0,0.12,
2003-07-01,2003.0,7.0,0.08,0.5,0.26,
2003-08-01,2003.0,8.0,0.21,0.2,0.3,
2003-09-01,2003.0,9.0,0.26,-0.2,0.21,
2003-10-01,2003.0,10.0,0.29,0.0,0.49,
2003-11-01,2003.0,11.0,0.35,-0.5,0.44,
2003-12-01,2003.0,12.0,0.35,1.8,0.43,
2004-01-01,2004.0,1.0,0.37,-2.2,0.43,
2004-02-01,2004.0,2.0,0.31,2.0,0.36,
2004-03-01,2004.0,3.0,0.23,0.7,0.07,
2004-04-01,2004.0,4.0,0.17,-1.5,0.24,
2004-05-01,2004.0,5.0,0.17,1.7,0.19,
2004-06-01,2004.0,6.0,0.28,-1.4,0.27,
2004-07-01,2004.0,7.0,0.47,-0.8,0.57,
2004-08-01,2004.0,8.0,0.64,-0.5,0.65,
2004-09-01,2004.0,9.0,0.7,-0.6,0.67,
2004-10-01,2004.0,10.0,0.67,-0.1,0.74,
2004-11-01,2004.0,11.0,0.66,-1.1,0.83,
2004-12-01,2004.0,12.0,0.69,-1.3,0.82,
2005-01-01,2005.0,1.0,0.64,0.6,0.77,-0.124
2005-02-01,2005.0,2.0,0.58,-5.2,0.48,-0.56
2005-03-01,2005.0,3.0,0.45,0.5,0.55,-0.433
2005-04-01,2005.0,4.0,0.43,-1.0,0.4,0.084
2005-05-01,2005.0,5.0,0.29,-1.3,0.33,-0.033
2005-06-01,2005.0,6.0,0.11,0.7,0.27,-0.176
2005-07-01,2005.0,7.0,-0.06,0.3,-0.02,-0.384
2005-08-01,2005.0,8.0,-0.14,-0.6,0.07,-0.345
2005-09-01,2005.0,9.0,-0.11,0.6,0.05,-0.534
2005-10-01,2005.0,10.0,-0.29,2.0,0.1,-0.436
2005-11-01,2005.0,11.0,-0.57,-0.3,-0.26,-0.272
2005-12-01,2005.0,12.0,-0.84,-0.0,-0.65,-0.3
2006-01-01,2006.0,1.0,-0.85,2.7,-0.69,-0.135
2006-02-01,2006.0,2.0,-0.77,0.2,-0.63,-0.306
2006-03-01,2006.0,3.0,-0.57,2.9,-0.62,-0.226
2006-04-01,2006.0,4.0,-0.37,1.8,-0.14,-0.015
2006-05-01,2006.0,5.0,-0.14,-0.8,0.02,-0.208
2006-06-01,2006.0,6.0,-0.03,-0.4,0.19,-0.059
2006-07-01,2006.0,7.0,0.1,-1.0,0.26,0.04
2006-08-01,2006.0,8.0,0.3,-1.7,0.51,0.229
2006-09-01,2006.0,9.0,0.54,-1.0,0.66,0.428
2006-10-01,2006.0,10.0,0.77,-2.1,0.76,0.577
2006-11-01,2006.0,11.0,0.94,0.1,0.99,0.501
2006-12-01,2006.0,12.0,0.94,-0.5,1.08,0.172
2007-01-01,2007.0,1.0,0.66,-1.3,0.69,0.225
2007-02-01,2007.0,2.0,0.22,-0.1,0.27,0.15
2007-03-01,2007.0,3.0,-0.12,0.3,0.06,0.115
2007-04-01,2007.0,4.0,-0.32,-0.2,-0.01,0.1
2007-05-01,2007.0,5.0,-0.38,-0.2,-0.23,0.27
2007-06-01,2007.0,6.0,-0.47,0.9,-0.02,0.031
2007-07-01,2007.0,7.0,-0.56,-0.5,-0.24,0.045
2007-08-01,2007.0,8.0,-0.81,0.7,-0.53,0.237
2007-09-01,2007.0,9.0,-1.07,0.3,-0.9,0.235
2007-10-01,2007.0,10.0,-1.34,1.2,-1.07,0.068
2007-11-01,2007.0,11.0,-1.5,1.4,-1.36,-0.023
2007-12-01,2007.0,12.0,-1.6,2.7,-1.42,-0.227
2008-01-01,2008.0,1.0,-1.64,2.9,-1.6,0.115
2008-02-01,2008.0,2.0,-1.52,4.4,-1.64,-0.072
2008-03-01,2008.0,3.0,-1.29,2.4,-1.14,0.097
2008-04-01,2008.0,4.0,-1.01,1.1,-0.89,-0.153
2008-05-01,2008.0,5.0,-0.84,-0.1,-0.75,0.179
2008-06-01,2008.0,6.0,-0.61,1.0,-0.55,0.215
2008-07-01,2008.0,7.0,-0.37,0.5,-0.17,0.246
2008-08-01,2008.0,8.0,-0.23,1.7,-0.15,0.124
2008-09-01,2008.0,9.0,-0.24,2.0,-0.29,0.086
2008-10-01,2008.0,10.0,-0.35,2.1,-0.27,0.029
2008-11-01,2008.0,11.0,-0.55,2.2,-0.39,-0.128
2008-12-01,2008.0,12.0,-0.73,2.4,-0.74,-0.053
2009-01-01,2009.0,1.0,-0.85,1.8,-0.86,0.031
2009-02-01,2009.0,2.0,-0.79,3.1,-0.65,0.163
2009-03-01,2009.0,3.0,-0.61,0.7,-0.58,0.1
2009-04-01,2009.0,4.0,-0.33,1.3,-0.15,0.126
2009-05-01,2009.0,5.0,0.01,-0.2,0.22,0.257
2009-06-01,2009.0,6.0,0.28,0.2,0.54,0.1
2009-07-01,2009.0,7.0,0.45,0.4,0.6,-0.192
2009-08-01,2009.0,8.0,0.58,-0.3,0.61,-0.104
2009-09-01,2009.0,9.0,0.71,0.5,0.63,-0.103
2009-10-01,2009.0,10.0,1.01,-2.0,0.97,-0.013
2009-11-01,2009.0,11.0,1.36,-1.0,1.38,-0.067
2009-12-01,2009.0,12.0,1.56,-1.2,1.59,0.16
2010-01-01,2010.0,1.0,1.5,-1.8,1.33,0.294
2010-02-01,2010.0,2.0,1.22,-2.4,1.2,0.023
2010-03-01,2010.0,3.0,0.84,-1.1,0.93,0.458
2010-04-01,2010.0,4.0,0.35,2.0,0.59,0.37
2010-05-01,2010.0,5.0,-0.17,1.5,0.0,-0.029
2010-06-01,2010.0,6.0,-0.66,0.6,-0.38,-0.14
2010-07-01,2010.0,7.0,-1.05,3.0,-0.8,-0.001
2010-08-01,2010.0,8.0,-1.35,3.0,-1.08,-0.061
2010-09-01,2010.0,9.0,-1.56,3.7,-1.34,-0.267
2010-10-01,2010.0,10.0,-1.64,2.9,-1.49,-0.437
2010-11-01,2010.0,11.0,-1.64,2.1,-1.39,-0.495
2010-12-01,2010.0,12.0,-1.54,4.8,-1.43,-0.212
2011-01-01,2011.0,1.0,-1.31,3.8,-1.4,0.191
2011-02-01,2011.0,2.0,-1.04,4.5,-1.07,0.241
2011-03-01,2011.0,3.0,-0.8,4.2,-0.79,0.367
2011-04-01,2011.0,4.0,-0.62,3.1,-0.65,0.154
2011-05-01,2011.0,5.0,-0.46,0.6,-0.46,-0.089
2011-06-01,2011.0,6.0,-0.37,0.4,-0.21,0.055
2011-07-01,2011.0,7.0,-0.43,1.6,-0.18,0.223
2011-08-01,2011.0,8.0,-0.58,0.7,-0.56,0.344
2011-09-01,2011.0,9.0,-0.79,1.7,-0.69,0.202
2011-10-01,2011.0,10.0,-0.96,1.2,-0.9,0.356
2011-11-01,2011.0,11.0,-1.02,1.8,-0.92,0.336
2011-12-01,2011.0,12.0,-0.92,4.1,-0.99,-0.128
2012-01-01,2012.0,1.0,-0.72,1.8,-0.91,0.046
2012-02-01,2012.0,2.0,-0.57,0.8,-0.64,-0.078
2012-03-01,2012.0,3.0,-0.46,1.2,-0.53,0.026
2012-04-01,2012.0,4.0,-0.36,-0.4,-0.29,-0.271
2012-05-01,2012.0,5.0,-0.17,0.1,-0.21,-0.37
2012-06-01,2012.0,6.0,0.06,-0.7,0.05,0.0
2012-07-01,2012.0,7.0,0.3,-0.1,0.23,0.546
2012-08-01,2012.0,8.0,0.41,-0.3,0.45,0.652
2012-09-01,2012.0,9.0,0.41,0.4,0.29,0.453
2012-10-01,2012.0,10.0,0.31,0.5,0.26,0.11
2012-11-01,2012.0,11.0,0.13,0.4,0.33,-0.099
2012-12-01,2012.0,12.0,-0.1,-1.0,-0.01,0.267
2013-01-01,2013.0,1.0,-0.29,-0.1,-0.3,-0.065
2013-02-01,2013.0,2.0,-0.29,-0.4,-0.37,0.189
2013-03-01,2013.0,3.0,-0.21,2.5,-0.23,0.083
2013-04-01,2013.0,4.0,-0.19,0.4,-0.09,-0.297
2013-05-01,2013.0,5.0,-0.27,1.3,-0.25,-0.506
2013-06-01,2013.0,6.0,-0.34,2.0,-0.28,-0.497
2013-07-01,2013.0,7.0,-0.35,1.3,-0.23,-0.181
2013-08-01,2013.0,8.0,-0.28,0.3,-0.34,-0.194
2013-09-01,2013.0,9.0,-0.21,0.5,-0.1,-0.31
2013-10-01,2013.0,10.0,-0.13,-0.1,-0.15,-0.168
2013-11-01,2013.0,11.0,-0.1,1.2,0.12,0.199
2013-12-01,2013.0,12.0,-0.15,0.1,-0.16,0.141
2014-01-01,2014.0,1.0,-0.28,2.4,-0.25,-0.101
2014-02-01,2014.0,2.0,-0.32,0.1,-0.23,-0.089
2014-03-01,2014.0,3.0,-0.14,-1.5,0.12,-0.151
2014-04-01,2014.0,4.0,0.15,1.3,0.44,-0.058
2014-05-01,2014.0,5.0,0.31,0.9,0.53,-0.092
2014-06-01,2014.0,6.0,0.23,0.3,0.41,-0.028
2014-07-01,2014.0,7.0,0.1,-0.3,0.13,-0.363
2014-08-01,2014.0,8.0,0.11,-1.2,0.15,-0.372
2014-09-01,2014.0,9.0,0.28,-1.2,0.31,-0.145
2014-10-01,2014.0,10.0,0.54,-1.0,0.45,0.141
2014-11-01,2014.0,11.0,0.71,-1.5,0.84,0.009
2014-12-01,2014.0,12.0,0.77,-0.9,0.78,0.046
2015-01-01,2015.0,1.0,0.69,-1.4,0.63,-0.1
2015-02-01,2015.0,2.0,0.61,0.4,0.67,-0.345
2015-03-01,2015.0,3.0,0.65,-1.2,0.74,-0.241
2015-04-01,2015.0,4.0,0.81,-0.1,1.07,-0.008
2015-05-01,2015.0,5.0,1.02,-1.2,1.1,0.24
2015-06-01,2015.0,6.0,1.25,-0.9,1.23,0.296
2015-07-01,2015.0,7.0,1.57,-1.9,1.35,0.225
2015-08-01,2015.0,8.0,1.91,-2.4,1.49,0.568
2015-09-01,2015.0,9.0,2.21,-2.7,1.67,0.294
2015-10-01,2015.0,10.0,2.47,-2.8,1.91,0.482
2015-11-01,2015.0,11.0,2.64,-0.8,2.21,0.347
2015-12-01,2015.0,12.0,2.75,-0.9,2.13,0.272
2016-01-01,2016.0,1.0,2.63,-3.6,2.13,0.265
2016-02-01,2016.0,2.0,2.28,-3.2,1.87,-0.11
2016-03-01,2016.0,3.0,1.71,-0.1,1.5,-0.008
2016-04-01,2016.0,4.0,1.05,-2.0,1.08,0.146
2016-05-01,2016.0,5.0,0.49,0.7,0.63,-0.113
2016-06-01,2016.0,6.0,0.0,1.1,0.37,-0.443
2016-07-01,2016.0,7.0,-0.31,0.7,0.01,-0.757
2016-08-01,2016.0,8.0,-0.5,1.2,-0.1,-0.443
2016-09-01,2016.0,9.0,-0.58,2.0,-0.21,-0.437
2016-10-01,2016.0,10.0,-0.64,-0.4,-0.39,-0.371
2016-11-01,2016.0,11.0,-0.6,-0.2,-0.37,-0.382
2016-12-01,2016.0,12.0,-0.45,0.5,-0.17,-0.31
2017-01-01,2017.0,1.0,-0.19,0.3,-0.23,-0.086
2017-02-01,2017.0,2.0,-0.02,-0.1,0.22,0.101
2017-03-01,2017.0,3.0,0.18,1.5,0.18,0.357
2017-04-01,2017.0,4.0,0.31,-0.3,0.35,0.498
2017-05-01,2017.0,5.0,0.4,0.4,0.4,0.536
2017-06-01,2017.0,6.0,0.39,-0.7,0.45,0.424
2017-07-01,2017.0,7.0,0.19,1.3,0.38,0.52
2017-08-01,2017.0,8.0,-0.07,0.9,0.05,0.349
2017-09-01,2017.0,9.0,-0.34,1.0,-0.2,0.035
2017-10-01,2017.0,10.0,-0.6,1.5,-0.12,0.015
2017-11-01,2017.0,11.0,-0.77,1.5,-0.44,0.289
2017-12-01,2017.0,12.0,-0.86,-0.2,-0.65,0.11
2018-01-01,2018.0,1.0,-0.77,1.8,-0.64,-0.2
2018-02-01,2018.0,2.0,-0.71,-0.8,-0.48,0.216
2018-03-01,2018.0,3.0,-0.57,2.4,-0.49,-0.12
2018-04-01,2018.0,4.0,-0.39,0.8,-0.11,-0.083
2018-05-01,2018.0,5.0,-0.13,0.6,0.18,0.122
2018-06-01,2018.0,6.0,0.06,-0.2,0.31,0.155
2018-07-01,2018.0,7.0,0.14,0.4,0.39,0.053
2018-08-01,2018.0,8.0,0.27,-0.5,0.35,0.121
2018-09-01,2018.0,9.0,0.53,-1.5,0.5,0.604
2018-10-01,2018.0,10.0,0.81,0.6,1.01,0.684
2018-11-01,2018.0,11.0,0.97,-0.1,1.15,0.5
2018-12-01,2018.0,12.0,0.92,1.7,1.1,0.309
2019-01-01,2019.0,1.0,0.89,-0.1,0.88,0.387
2019-02-01,2019.0,2.0,0.86,-2.3,0.87,0.416
2019-03-01,2019.0,3.0,0.84,-0.5,0.92,0.225
2019-04-01,2019.0,4.0,0.77,0.2,0.82,0.258
2019-05-01,2019.0,5.0,0.64,-0.7,0.83,0.54
2019-06-01,2019.0,6.0,0.52,-0.7,0.8,0.605
2019-07-01,2019.0,7.0,0.33,-0.6,0.65,0.597
2019-08-01,2019.0,8.0,0.19,-0.2,0.35,0.436
2019-09-01,2019.0,9.0,0.23,-1.9,0.18,0.892
2019-10-01,2019.0,10.0,0.39,-0.6,0.78,0.964
2019-11-01,2019.0,11.0,0.58,-1.4,0.82,0.835
2019-12-01,2019.0,12.0,0.66,-0.9,0.73,0.243
2020-01-01,2020.0,1.0,0.64,0.3,0.84,0.173
2020-02-01,2020.0,2.0,0.63,-0.1,0.67,0.054
2020-03-01,2020.0,3.0,0.53,-0.2,0.65,0.019
2020-04-01,2020.0,4.0,0.3,0.3,0.66,-0.011
2020-05-01,2020.0,5.0,0.01,0.7,0.05,0.298
2020-06-01,2020.0,6.0,-0.23,-0.6,-0.05,0.455
2020-07-01,2020.0,7.0,-0.36,0.7,0.08,0.319
2020-08-01,2020.0,8.0,-0.53,1.8,-0.29,-0.183
2020-09-01,2020.0,9.0,-0.85,1.5,-0.66,-0.189
2020-10-01,2020.0,10.0,-1.12,0.8,-0.9,0.074
2020-11-01,2020.0,11.0,-1.2,1.1,-0.89,0.02
2020-12-01,2020.0,12.0,-1.08,3.0,-1.02,0.031
2021-01-01,2021.0,1.0,-0.91,3.2,-1.12,0.051
2021-02-01,2021.0,2.0,-0.79,2.5,-1.0,0.243
2021-03-01,2021.0,3.0,-0.71,0.6,-0.64,0.267
2021-04-01,2021.0,4.0,-0.55,0.6,-0.47,0.25
2021-05-01,2021.0,5.0,-0.39,0.8,-0.25,0.009
2021-06-01,2021.0,6.0,-0.3,0.7,-0.03,-0.002
2021-07-01,2021.0,7.0,-0.35,2.3,-0.18,-0.229
2021-08-01,2021.0,8.0,-0.45,1.0,-0.36,-0.099
2021-09-01,2021.0,9.0,-0.63,1.3,-0.49,-0.058
2021-10-01,2021.0,10.0,-0.76,1.2,-0.74,-0.091
2021-11-01,2021.0,11.0,-0.91,1.6,-0.69,0.069
2021-12-01,2021.0,12.0,-0.87,2.5,-0.89,-0.12
2022-01-01,2022.0,1.0,-0.82,0.8,-0.56,-0.056
2022-02-01,2022.0,2.0,-0.79,1.8,-0.55,-0.082
2022-03-01,2022.0,3.0,-0.86,2.9,-0.67,-0.093
2022-04-01,2022.0,4.0,-0.95,2.8,-0.74,-0.068
2022-05-01,2022.0,5.0,-0.9,2.4,-0.78,-0.122
2022-06-01,2022.0,6.0,-0.78,2.8,-0.52,-0.335
2022-07-01,2022.0,7.0,-0.76,1.3,-0.5,-0.195
2022-08-01,2022.0,8.0,-0.87,1.7,-0.8,-0.246
2022-09-01,2022.0,9.0,-0.97,2.7,-0.93,-0.322
2022-10-01,2022.0,10.0,-0.94,2.8,-0.83,-0.691
2022-11-01,2022.0,11.0,-0.85,0.5,-0.74,-0.269
2022-12-01,2022.0,12.0,-0.71,3.5,-0.63,-0.091
2023-01-01,2023.0,1.0,-0.54,2.3,-0.57,0.11
2023-02-01,2023.0,2.0,-0.29,2.3,-0.47,0.157
2023-03-01,2023.0,3.0,-0.02,0.3,-0.08,0.414
2023-04-01,2023.0,4.0,0.27,0.4,0.25,0.56
2023-05-01,2023.0,5.0,0.57,-1.7,0.49,0.443
2023-06-01,2023.0,6.0,0.84,0.4,0.86,0.665
2023-07-01,2023.0,7.0,1.12,-0.4,0.97,0.498
2023-08-01,2023.0,8.0,1.37,-1.4,1.2,0.826
2023-09-01,2023.0,9.0,1.6,-2.1,1.41,0.946
2023-10-01,2023.0,10.0,1.83,-0.8,1.51,0.804
2023-11-01,2023.0,11.0,1.99,-1.3,1.86,0.92
2023-12-01,2023.0,12.0,2.06,-0.4,1.76,0.852
2024-01-01,2024.0,1.0,1.92,0.8,1.64,0.765
2024-02-01,2024.0,2.0,1.62,-2.3,1.39,0.327
2024-03-01,2024.0,3.0,1.26,0.6,1.04,0.421
2024-04-01,2024.0,4.0,0.82,-0.3,0.98,0.44
2024-05-01,2024.0,5.0,0.49,0.8,0.5,0.298
2024-06-01,2024.0,6.0,0.22,0.1,0.37,0.197
2024-07-01,2024.0,7.0,0.08,-1.2,0.4,0.033
2024-08-01,2024.0,8.0,-0.07,1.5,0.19,0.267
2024-09-01,2024.0,9.0,-0.17,-0.2,-0.1,0.115
2024-10-01,2024.0,10.0,-0.21,0.8,-0.01,-0.196
2024-11-01,2024.0,11.0,-0.3,0.8,-0.03,-0.382
2024-12-01,2024.0,12.0,-0.42,1.9,-0.52,-0.331
2025-01-01,2025.0,1.0,-0.45,0.3,-0.64,-0.196
2025-02-01,2025.0,2.0,-0.24,0.9,-0.42,0.017
2025-03-01,2025.0,3.0,-0.06,2.8,0.04,0.058
2025-04-01,2025.0,4.0,0.02,0.9,-0.05,0.149
2025-05-01,2025.0,5.0,-0.02,0.7,0.07,0.107
2025-06-01,2025.0,6.0,-0.04,0.5,0.15,-0.014
2025-07-01,2025.0,7.0,-0.14,1.0,0.14,-0.072
2025-08-01,2025.0,8.0,-0.28,0.7,-0.15,-0.42
2025-09-01,2025.0,9.0,-0.4,0.1,-0.32,-0.467
2025-10-01,2025.0,10.0,-0.51,1.9,-0.42,-0.448
2025-11-01,2025.0,11.0,-0.55,1.8,-0.54,-0.256
2025-12-01,2025.0,12.0,-0.54,-0.0,-0.39,-0.017
2026-01-01,2026.0,1.0,-0.37,,-0.4,0.123
2026-02-01,2026.0,2.0,-0.14,,-0.02,0.529
2026-03-01,2026.0,3.0,0.13,,0.22,0.285
2026-04-01,2026.0,4.0,0.51,,0.74,0.279
2026-05-01,2026.0,5.0,0.98,,1.09,0.146
2026-06-01,2026.0,6.0,1.4,,1.58,
2026-07-01,2026.0,7.0,,,1.73,
2026-08-01,2026.0,8.0,,,,
2026-09-01,2026.0,9.0,,,,
2026-10-01,2026.0,10.0,,,,
2026-11-01,2026.0,11.0,,,,
2026-12-01,2026.0,12.0,,,,
