Phase,Week,n,NSE_rulecurve,NSE_zero_release,NSE_climatology,NSE_persistence
ElNino,1,3650,0.614,0.605,0.198,0.633
ElNino,2,3650,0.222,0.187,0.19,0.256
ElNino,3,3650,0.064,0.009,0.172,0.108
ElNino,4,3650,0.106,0.052,0.15,0.182
ElNino,5,3650,-0.031,-0.12,0.134,0.04
ElNino,6,3650,-0.186,-0.337,0.127,-0.142
ElNino,7,3650,-0.184,-0.399,0.09,-0.127
ElNino,8,3650,-0.089,-0.318,0.049,0.063
ElNino,9,3650,-0.117,-0.386,0.018,0.112
ElNino,10,3650,-0.306,-0.679,0.011,-0.112
ElNino,11,3650,-0.339,-0.802,-0.01,-0.17
ElNino,12,3650,-0.166,-0.69,-0.021,0.025
neutral,1,2820,0.661,0.628,0.12,0.927
neutral,2,2820,0.321,0.247,0.171,0.833
neutral,3,2820,0.09,-0.016,0.229,0.751
neutral,4,2820,-0.069,-0.203,0.277,0.694
neutral,5,2820,-0.208,-0.36,0.306,0.636
neutral,6,2820,-0.319,-0.474,0.323,0.584
neutral,7,2820,-0.406,-0.557,0.361,0.55
neutral,8,2820,-0.497,-0.628,0.393,0.537
neutral,9,2820,-0.61,-0.726,0.405,0.524
neutral,10,2820,-0.73,-0.839,0.394,0.491
neutral,11,2820,-0.845,-0.957,0.398,0.457
neutral,12,2820,-0.96,-1.086,0.394,0.42
